TestID,RunID,SA_SideNum,SA_InFifoDepth,SA_OutFifoDepth,SA_InstFifoDepth,activationOutFifoDepth,slicedInstFifoDepth,numCores,TotalCycles,CyclesPerTest,FLOPSPerCycle,Status,ErrorMessage
1,1,8,8,8,16,32,16,1,113931,2278.62,71.12122249431674,Success,
3,1,8,8,8,64,32,16,1,113931,2278.62,71.12122249431674,Success,
5,1,8,8,8,16,32,16,2,75768,1515.36,106.94372294372295,Success,
7,1,8,8,8,64,32,16,2,75768,1515.36,106.94372294372295,Success,
9,1,8,8,8,16,32,16,4,74548,1490.96,108.69388850136825,Success,
11,1,8,8,8,64,32,16,4,74548,1490.96,108.69388850136825,Success,
13,1,8,8,8,16,64,16,1,113931,2278.62,71.12122249431674,Success,
15,1,8,8,8,64,64,16,1,113931,2278.62,71.12122249431674,Success,
17,1,8,8,8,16,64,16,2,75768,1515.36,106.94372294372295,Success,
19,1,8,8,8,64,64,16,2,75768,1515.36,106.94372294372295,Success,
21,1,8,8,8,16,64,16,4,74548,1490.96,108.69388850136825,Success,
23,1,8,8,8,64,64,16,4,74548,1490.96,108.69388850136825,Success,
25,1,8,16,8,16,32,16,1,112475,2249.5,72.04189375416759,Success,
27,1,8,16,8,64,32,16,1,112475,2249.5,72.04189375416759,Success,
29,1,8,16,8,16,32,16,2,75668,1513.36,107.08505576994239,Success,
31,1,8,16,8,64,32,16,2,75668,1513.36,107.08505576994239,Success,
33,1,8,16,8,16,32,16,4,74508,1490.16,108.75224137005422,Success,
35,1,8,16,8,64,32,16,4,74508,1490.16,108.75224137005422,Success,
37,1,8,16,8,16,64,16,1,112475,2249.5,72.04189375416759,Success,
39,1,8,16,8,64,64,16,1,112475,2249.5,72.04189375416759,Success,
41,1,8,16,8,16,64,16,2,75668,1513.36,107.08505576994239,Success,
43,1,8,16,8,64,64,16,2,75668,1513.36,107.08505576994239,Success,
45,1,8,16,8,16,64,16,4,74508,1490.16,108.75224137005422,Success,
47,1,8,16,8,64,64,16,4,74508,1490.16,108.75224137005422,Success,
49,1,8,32,8,16,32,16,1,112295,2245.9,72.15737120976,Success,
51,1,8,32,8,64,32,16,1,112295,2245.9,72.15737120976,Success,
53,1,8,32,8,16,32,16,2,75504,1510.08,107.31765204492477,Success,
55,1,8,32,8,64,32,16,2,75504,1510.08,107.31765204492477,Success,
57,1,8,32,8,16,32,16,4,74428,1488.56,108.86913527167195,Success,
59,1,8,32,8,64,32,16,4,74428,1488.56,108.86913527167195,Success,
61,1,8,32,8,16,64,16,1,112295,2245.9,72.15737120976,Success,
63,1,8,32,8,64,64,16,1,112295,2245.9,72.15737120976,Success,
65,1,8,32,8,16,64,16,2,75504,1510.08,107.31765204492477,Success,
67,1,8,32,8,64,64,16,2,75504,1510.08,107.31765204492477,Success,
69,1,8,32,8,16,64,16,4,74428,1488.56,108.86913527167195,Success,
71,1,8,32,8,64,64,16,4,74428,1488.56,108.86913527167195,Success,
73,1,8,8,16,16,32,16,1,113931,2278.62,71.12122249431674,Success,
75,1,8,8,16,64,32,16,1,113931,2278.62,71.12122249431674,Success,
77,1,8,8,16,16,32,16,2,75104,1502.08,107.88922028121006,Success,
79,1,8,8,16,64,32,16,2,74828,1496.56,108.28716523226599,Success,
81,1,8,8,16,16,32,16,4,73596,1471.92,110.09989673351812,Success,
83,1,8,8,16,64,32,16,4,73052,1461.04,110.9197831681542,Success,
85,1,8,8,16,16,64,16,1,113931,2278.62,71.12122249431674,Success,
87,1,8,8,16,64,64,16,1,113931,2278.62,71.12122249431674,Success,
89,1,8,8,16,16,64,16,2,75104,1502.08,107.88922028121006,Success,
91,1,8,8,16,64,64,16,2,74828,1496.56,108.28716523226599,Success,
93,1,8,8,16,16,64,16,4,73596,1471.92,110.09989673351812,Success,
95,1,8,8,16,64,64,16,4,73052,1461.04,110.9197831681542,Success,
97,1,8,16,16,16,32,16,1,112475,2249.5,72.04189375416759,Success,
99,1,8,16,16,64,32,16,1,112475,2249.5,72.04189375416759,Success,
101,1,8,16,16,16,32,16,2,75104,1502.08,107.88922028121006,Success,
103,1,8,16,16,64,32,16,2,74788,1495.76,108.34508209873242,Success,
105,1,8,16,16,16,32,16,4,73596,1471.92,110.09989673351812,Success,
107,1,8,16,16,64,32,16,4,73052,1461.04,110.9197831681542,Success,
109,1,8,16,16,16,64,16,1,112475,2249.5,72.04189375416759,Success,
111,1,8,16,16,64,64,16,1,112475,2249.5,72.04189375416759,Success,
113,1,8,16,16,16,64,16,2,75104,1502.08,107.88922028121006,Success,
115,1,8,16,16,64,64,16,2,74788,1495.76,108.34508209873242,Success,
117,1,8,16,16,16,64,16,4,73596,1471.92,110.09989673351812,Success,
119,1,8,16,16,64,64,16,4,73052,1461.04,110.9197831681542,Success,
121,1,8,32,16,16,32,16,1,112295,2245.9,72.15737120976,Success,
123,1,8,32,16,64,32,16,1,112295,2245.9,72.15737120976,Success,
125,1,8,32,16,16,32,16,2,75104,1502.08,107.88922028121006,Success,
127,1,8,32,16,64,32,16,2,74708,1494.16,108.46110189002516,Success,
129,1,8,32,16,16,32,16,4,73596,1471.92,110.09989673351812,Success,
131,1,8,32,16,64,32,16,4,73052,1461.04,110.9197831681542,Success,
133,1,8,32,16,16,64,16,1,112295,2245.9,72.15737120976,Success,
135,1,8,32,16,64,64,16,1,112295,2245.9,72.15737120976,Success,
137,1,8,32,16,16,64,16,2,75104,1502.08,107.88922028121006,Success,
139,1,8,32,16,64,64,16,2,74708,1494.16,108.46110189002516,Success,
141,1,8,32,16,16,64,16,4,73596,1471.92,110.09989673351812,Success,
143,1,8,32,16,64,64,16,4,73052,1461.04,110.9197831681542,Success,
145,1,8,8,32,16,32,16,1,113931,2278.62,71.12122249431674,Success,
147,1,8,8,32,64,32,16,1,113931,2278.62,71.12122249431674,Success,
149,1,8,8,32,16,32,16,2,75104,1502.08,107.88922028121006,Success,
151,1,8,8,32,64,32,16,2,73324,1466.48,110.50831924063063,Success,
153,1,8,8,32,16,32,16,4,73596,1471.92,110.09989673351812,Success,
155,1,8,8,32,64,32,16,4,73052,1461.04,110.9197831681542,Success,
157,1,8,8,32,16,64,16,1,113931,2278.62,71.12122249431674,Success,
159,1,8,8,32,64,64,16,1,113931,2278.62,71.12122249431674,Success,
161,1,8,8,32,16,64,16,2,75104,1502.08,107.88922028121006,Success,
163,1,8,8,32,64,64,16,2,73324,1466.48,110.50831924063063,Success,
165,1,8,8,32,16,64,16,4,73596,1471.92,110.09989673351812,Success,
167,1,8,8,32,64,64,16,4,73052,1461.04,110.9197831681542,Success,
169,1,8,16,32,16,32,16,1,112475,2249.5,72.04189375416759,Success,
171,1,8,16,32,64,32,16,1,112475,2249.5,72.04189375416759,Success,
173,1,8,16,32,16,32,16,2,75104,1502.08,107.88922028121006,Success,
175,1,8,16,32,64,32,16,2,73284,1465.68,110.56863708312865,Success,
177,1,8,16,32,16,32,16,4,73596,1471.92,110.09989673351812,Success,
179,1,8,16,32,64,32,16,4,73052,1461.04,110.9197831681542,Success,
181,1,8,16,32,16,64,16,1,112475,2249.5,72.04189375416759,Success,
183,1,8,16,32,64,64,16,1,112475,2249.5,72.04189375416759,Success,
185,1,8,16,32,16,64,16,2,75104,1502.08,107.88922028121006,Success,
187,1,8,16,32,64,64,16,2,73284,1465.68,110.56863708312865,Success,
189,1,8,16,32,16,64,16,4,73596,1471.92,110.09989673351812,Success,
191,1,8,16,32,64,64,16,4,73052,1461.04,110.9197831681542,Success,
193,1,8,32,32,16,32,16,1,112295,2245.9,72.15737120976,Success,
195,1,8,32,32,64,32,16,1,112295,2245.9,72.15737120976,Success,
197,1,8,32,32,16,32,16,2,75104,1502.08,107.88922028121006,Success,
199,1,8,32,32,64,32,16,2,73204,1464.08,110.68947052073658,Success,
201,1,8,32,32,16,32,16,4,73596,1471.92,110.09989673351812,Success,
203,1,8,32,32,64,32,16,4,73052,1461.04,110.9197831681542,Success,
205,1,8,32,32,16,64,16,1,112295,2245.9,72.15737120976,Success,
207,1,8,32,32,64,64,16,1,112295,2245.9,72.15737120976,Success,
209,1,8,32,32,16,64,16,2,75104,1502.08,107.88922028121006,Success,
211,1,8,32,32,64,64,16,2,73204,1464.08,110.68947052073658,Success,
213,1,8,32,32,16,64,16,4,73596,1471.92,110.09989673351812,Success,
215,1,8,32,32,64,64,16,4,73052,1461.04,110.9197831681542,Success,
217,1,8,8,8,16,32,64,1,113931,2278.62,71.12122249431674,Success,
219,1,8,8,8,64,32,64,1,113931,2278.62,71.12122249431674,Success,
221,1,8,8,8,16,32,64,2,75768,1515.36,106.94372294372295,Success,
223,1,8,8,8,64,32,64,2,75768,1515.36,106.94372294372295,Success,
225,1,8,8,8,16,32,64,4,74548,1490.96,108.69388850136825,Success,
227,1,8,8,8,64,32,64,4,74548,1490.96,108.69388850136825,Success,
229,1,8,8,8,16,64,64,1,113931,2278.62,71.12122249431674,Success,
231,1,8,8,8,64,64,64,1,113931,2278.62,71.12122249431674,Success,
233,1,8,8,8,16,64,64,2,75768,1515.36,106.94372294372295,Success,
235,1,8,8,8,64,64,64,2,75768,1515.36,106.94372294372295,Success,
237,1,8,8,8,16,64,64,4,74548,1490.96,108.69388850136825,Success,
239,1,8,8,8,64,64,64,4,74548,1490.96,108.69388850136825,Success,
241,1,8,16,8,16,32,64,1,112475,2249.5,72.04189375416759,Success,
243,1,8,16,8,64,32,64,1,112475,2249.5,72.04189375416759,Success,
245,1,8,16,8,16,32,64,2,75668,1513.36,107.08505576994239,Success,
247,1,8,16,8,64,32,64,2,75668,1513.36,107.08505576994239,Success,
249,1,8,16,8,16,32,64,4,74508,1490.16,108.75224137005422,Success,
251,1,8,16,8,64,32,64,4,74508,1490.16,108.75224137005422,Success,
253,1,8,16,8,16,64,64,1,112475,2249.5,72.04189375416759,Success,
255,1,8,16,8,64,64,64,1,112475,2249.5,72.04189375416759,Success,
257,1,8,16,8,16,64,64,2,75668,1513.36,107.08505576994239,Success,
259,1,8,16,8,64,64,64,2,75668,1513.36,107.08505576994239,Success,
261,1,8,16,8,16,64,64,4,74508,1490.16,108.75224137005422,Success,
263,1,8,16,8,64,64,64,4,74508,1490.16,108.75224137005422,Success,
265,1,8,32,8,16,32,64,1,112295,2245.9,72.15737120976,Success,
267,1,8,32,8,64,32,64,1,112295,2245.9,72.15737120976,Success,
269,1,8,32,8,16,32,64,2,75504,1510.08,107.31765204492477,Success,
271,1,8,32,8,64,32,64,2,75504,1510.08,107.31765204492477,Success,
273,1,8,32,8,16,32,64,4,74428,1488.56,108.86913527167195,Success,
275,1,8,32,8,64,32,64,4,74428,1488.56,108.86913527167195,Success,
277,1,8,32,8,16,64,64,1,112295,2245.9,72.15737120976,Success,
279,1,8,32,8,64,64,64,1,112295,2245.9,72.15737120976,Success,
281,1,8,32,8,16,64,64,2,75504,1510.08,107.31765204492477,Success,
283,1,8,32,8,64,64,64,2,75504,1510.08,107.31765204492477,Success,
285,1,8,32,8,16,64,64,4,74428,1488.56,108.86913527167195,Success,
287,1,8,32,8,64,64,64,4,74428,1488.56,108.86913527167195,Success,
289,1,8,8,16,16,32,64,1,113931,2278.62,71.12122249431674,Success,
291,1,8,8,16,64,32,64,1,113931,2278.62,71.12122249431674,Success,
293,1,8,8,16,16,32,64,2,75104,1502.08,107.88922028121006,Success,
295,1,8,8,16,64,32,64,2,74828,1496.56,108.28716523226599,Success,
297,1,8,8,16,16,32,64,4,73596,1471.92,110.09989673351812,Success,
299,1,8,8,16,64,32,64,4,73052,1461.04,110.9197831681542,Success,
301,1,8,8,16,16,64,64,1,113931,2278.62,71.12122249431674,Success,
303,1,8,8,16,64,64,64,1,113931,2278.62,71.12122249431674,Success,
305,1,8,8,16,16,64,64,2,75104,1502.08,107.88922028121006,Success,
307,1,8,8,16,64,64,64,2,74828,1496.56,108.28716523226599,Success,
309,1,8,8,16,16,64,64,4,73596,1471.92,110.09989673351812,Success,
311,1,8,8,16,64,64,64,4,73052,1461.04,110.9197831681542,Success,
313,1,8,16,16,16,32,64,1,112475,2249.5,72.04189375416759,Success,
315,1,8,16,16,64,32,64,1,112475,2249.5,72.04189375416759,Success,
317,1,8,16,16,16,32,64,2,75104,1502.08,107.88922028121006,Success,
319,1,8,16,16,64,32,64,2,74788,1495.76,108.34508209873242,Success,
321,1,8,16,16,16,32,64,4,73596,1471.92,110.09989673351812,Success,
323,1,8,16,16,64,32,64,4,73052,1461.04,110.9197831681542,Success,
325,1,8,16,16,16,64,64,1,112475,2249.5,72.04189375416759,Success,
327,1,8,16,16,64,64,64,1,112475,2249.5,72.04189375416759,Success,
329,1,8,16,16,16,64,64,2,75104,1502.08,107.88922028121006,Success,
331,1,8,16,16,64,64,64,2,74788,1495.76,108.34508209873242,Success,
333,1,8,16,16,16,64,64,4,73596,1471.92,110.09989673351812,Success,
335,1,8,16,16,64,64,64,4,73052,1461.04,110.9197831681542,Success,
337,1,8,32,16,16,32,64,1,112295,2245.9,72.15737120976,Success,
339,1,8,32,16,64,32,64,1,112295,2245.9,72.15737120976,Success,
341,1,8,32,16,16,32,64,2,75104,1502.08,107.88922028121006,Success,
343,1,8,32,16,64,32,64,2,74708,1494.16,108.46110189002516,Success,
345,1,8,32,16,16,32,64,4,73596,1471.92,110.09989673351812,Success,
347,1,8,32,16,64,32,64,4,73052,1461.04,110.9197831681542,Success,
349,1,8,32,16,16,64,64,1,112295,2245.9,72.15737120976,Success,
351,1,8,32,16,64,64,64,1,112295,2245.9,72.15737120976,Success,
353,1,8,32,16,16,64,64,2,75104,1502.08,107.88922028121006,Success,
355,1,8,32,16,64,64,64,2,74708,1494.16,108.46110189002516,Success,
357,1,8,32,16,16,64,64,4,73596,1471.92,110.09989673351812,Success,
359,1,8,32,16,64,64,64,4,73052,1461.04,110.9197831681542,Success,
361,1,8,8,32,16,32,64,1,113931,2278.62,71.12122249431674,Success,
363,1,8,8,32,64,32,64,1,113931,2278.62,71.12122249431674,Success,
365,1,8,8,32,16,32,64,2,75104,1502.08,107.88922028121006,Success,
367,1,8,8,32,64,32,64,2,73324,1466.48,110.50831924063063,Success,
369,1,8,8,32,16,32,64,4,73596,1471.92,110.09989673351812,Success,
371,1,8,8,32,64,32,64,4,73052,1461.04,110.9197831681542,Success,
373,1,8,8,32,16,64,64,1,113931,2278.62,71.12122249431674,Success,
375,1,8,8,32,64,64,64,1,113931,2278.62,71.12122249431674,Success,
377,1,8,8,32,16,64,64,2,75104,1502.08,107.88922028121006,Success,
379,1,8,8,32,64,64,64,2,73324,1466.48,110.50831924063063,Success,
381,1,8,8,32,16,64,64,4,73596,1471.92,110.09989673351812,Success,
383,1,8,8,32,64,64,64,4,73052,1461.04,110.9197831681542,Success,
385,1,8,16,32,16,32,64,1,112475,2249.5,72.04189375416759,Success,
387,1,8,16,32,64,32,64,1,112475,2249.5,72.04189375416759,Success,
389,1,8,16,32,16,32,64,2,75104,1502.08,107.88922028121006,Success,
391,1,8,16,32,64,32,64,2,73284,1465.68,110.56863708312865,Success,
393,1,8,16,32,16,32,64,4,73596,1471.92,110.09989673351812,Success,
395,1,8,16,32,64,32,64,4,73052,1461.04,110.9197831681542,Success,
397,1,8,16,32,16,64,64,1,112475,2249.5,72.04189375416759,Success,
399,1,8,16,32,64,64,64,1,112475,2249.5,72.04189375416759,Success,
401,1,8,16,32,16,64,64,2,75104,1502.08,107.88922028121006,Success,
403,1,8,16,32,64,64,64,2,73284,1465.68,110.56863708312865,Success,
405,1,8,16,32,16,64,64,4,73596,1471.92,110.09989673351812,Success,
407,1,8,16,32,64,64,64,4,73052,1461.04,110.9197831681542,Success,
409,1,8,32,32,16,32,64,1,112295,2245.9,72.15737120976,Success,
411,1,8,32,32,64,32,64,1,112295,2245.9,72.15737120976,Success,
413,1,8,32,32,16,32,64,2,75104,1502.08,107.88922028121006,Success,
415,1,8,32,32,64,32,64,2,73204,1464.08,110.68947052073658,Success,
417,1,8,32,32,16,32,64,4,73596,1471.92,110.09989673351812,Success,
419,1,8,32,32,64,32,64,4,73052,1461.04,110.9197831681542,Success,
421,1,8,32,32,16,64,64,1,112295,2245.9,72.15737120976,Success,
423,1,8,32,32,64,64,64,1,112295,2245.9,72.15737120976,Success,
425,1,8,32,32,16,64,64,2,75104,1502.08,107.88922028121006,Success,
427,1,8,32,32,64,64,64,2,73204,1464.08,110.68947052073658,Success,
429,1,8,32,32,16,64,64,4,73596,1471.92,110.09989673351812,Success,
431,1,8,32,32,64,64,64,4,73052,1461.04,110.9197831681542,Success,
434,1,8,16,16,16,32,2,2,75104,1502.08,107.88922028121006,Success
2,1,32,8,8,16,32,16,1,395595,7911.9,1148.0541462859742,Success,
4,1,32,8,8,64,32,16,1,395595,7911.9,1148.0541462859742,Success,
6,1,32,8,8,16,32,16,2,362399,7247.98,1253.216703136598,Success,
8,1,32,8,8,64,32,16,2,362399,7247.98,1253.216703136598,Success,
10,1,32,8,8,16,32,16,4,362399,7247.98,1253.216703136598,Success,
12,1,32,8,8,64,32,16,4,362399,7247.98,1253.216703136598,Success,
14,1,32,8,8,16,64,16,1,395595,7911.9,1148.0541462859742,Success,
16,1,32,8,8,64,64,16,1,395595,7911.9,1148.0541462859742,Success,
18,1,32,8,8,16,64,16,2,362399,7247.98,1253.216703136598,Success,
20,1,32,8,8,64,64,16,2,362399,7247.98,1253.216703136598,Success,
22,1,32,8,8,16,64,16,4,362399,7247.98,1253.216703136598,Success,
24,1,32,8,8,64,64,16,4,362399,7247.98,1253.216703136598,Success,
26,1,32,16,8,16,32,16,1,385531,7710.62,1178.0232458609034,Success,
28,1,32,16,8,64,32,16,1,385531,7710.62,1178.0232458609034,Success,
30,1,32,16,8,16,32,16,2,314175,6283.5,1445.5780377178323,Success,
32,1,32,16,8,64,32,16,2,314175,6283.5,1445.5780377178323,Success,
34,1,32,16,8,16,32,16,4,314175,6283.5,1445.5780377178323,Success,
36,1,32,16,8,64,32,16,4,314175,6283.5,1445.5780377178323,Success,
38,1,32,16,8,16,64,16,1,385531,7710.62,1178.0232458609034,Success,
40,1,32,16,8,64,64,16,1,385531,7710.62,1178.0232458609034,Success,
42,1,32,16,8,16,64,16,2,314175,6283.5,1445.5780377178323,Success,
44,1,32,16,8,64,64,16,2,314175,6283.5,1445.5780377178323,Success,
46,1,32,16,8,16,64,16,4,314175,6283.5,1445.5780377178323,Success,
48,1,32,16,8,64,64,16,4,314175,6283.5,1445.5780377178323,Success,
50,1,32,32,8,16,32,16,1,376899,7537.98,1205.003144078387,Success,
52,1,32,32,8,64,32,16,1,376899,7537.98,1205.003144078387,Success,
54,1,32,32,8,16,32,16,2,271009,5420.18,1675.8280352313022,Success,
56,1,32,32,8,64,32,16,2,271009,5420.18,1675.8280352313022,Success,
58,1,32,32,8,16,32,16,4,266524,5330.48,1704.0284552235446,Success,
60,1,32,32,8,64,32,16,4,266524,5330.48,1704.0284552235446,Success,
62,1,32,32,8,16,64,16,1,376899,7537.98,1205.003144078387,Success,
64,1,32,32,8,64,64,16,1,376899,7537.98,1205.003144078387,Success,
66,1,32,32,8,16,64,16,2,271009,5420.18,1675.8280352313022,Success,
68,1,32,32,8,64,64,16,2,271009,5420.18,1675.8280352313022,Success,
70,1,32,32,8,16,64,16,4,266524,5330.48,1704.0284552235446,Success,
72,1,32,32,8,64,64,16,4,266524,5330.48,1704.0284552235446,Success,
74,1,32,8,16,16,32,16,1,395595,7911.9,1148.0541462859742,Success,
76,1,32,8,16,64,32,16,1,395595,7911.9,1148.0541462859742,Success,
78,1,32,8,16,16,32,16,2,362399,7247.98,1253.216703136598,Success,
80,1,32,8,16,64,32,16,2,362399,7247.98,1253.216703136598,Success,
82,1,32,8,16,16,32,16,4,362399,7247.98,1253.216703136598,Success,
84,1,32,8,16,64,32,16,4,362399,7247.98,1253.216703136598,Success,
86,1,32,8,16,16,64,16,1,395595,7911.9,1148.0541462859742,Success,
88,1,32,8,16,64,64,16,1,395595,7911.9,1148.0541462859742,Success,
90,1,32,8,16,16,64,16,2,362399,7247.98,1253.216703136598,Success,
92,1,32,8,16,64,64,16,2,362399,7247.98,1253.216703136598,Success,
94,1,32,8,16,16,64,16,4,362399,7247.98,1253.216703136598,Success,
96,1,32,8,16,64,64,16,4,362399,7247.98,1253.216703136598,Success,
98,1,32,16,16,16,32,16,1,385531,7710.62,1178.0232458609034,Success,
100,1,32,16,16,64,32,16,1,385531,7710.62,1178.0232458609034,Success,
102,1,32,16,16,16,32,16,2,314175,6283.5,1445.5780377178323,Success,
104,1,32,16,16,64,32,16,2,314175,6283.5,1445.5780377178323,Success,
106,1,32,16,16,16,32,16,4,314175,6283.5,1445.5780377178323,Success,
108,1,32,16,16,64,32,16,4,314175,6283.5,1445.5780377178323,Success,
110,1,32,16,16,16,64,16,1,385531,7710.62,1178.0232458609034,Success,
112,1,32,16,16,64,64,16,1,385531,7710.62,1178.0232458609034,Success,
114,1,32,16,16,16,64,16,2,314175,6283.5,1445.5780377178323,Success,
116,1,32,16,16,64,64,16,2,314175,6283.5,1445.5780377178323,Success,
118,1,32,16,16,16,64,16,4,314175,6283.5,1445.5780377178323,Success,
120,1,32,16,16,64,64,16,4,314175,6283.5,1445.5780377178323,Success,
122,1,32,32,16,16,32,16,1,376899,7537.98,1205.003144078387,Success,
124,1,32,32,16,64,32,16,1,376899,7537.98,1205.003144078387,Success,
126,1,32,32,16,16,32,16,2,268784,5375.68,1689.7005774153224,Success,
128,1,32,32,16,64,32,16,2,267668,5353.36,1696.7455205702586,Success,
130,1,32,32,16,16,32,16,4,262668,5253.36,1729.0438119603455,Success,
132,1,32,32,16,64,32,16,4,260928,5218.56,1740.5739514348786,Success,
134,1,32,32,16,16,64,16,1,376899,7537.98,1205.003144078387,Success,
136,1,32,32,16,64,64,16,1,376899,7537.98,1205.003144078387,Success,
138,1,32,32,16,16,64,16,2,268784,5375.68,1689.7005774153224,Success,
140,1,32,32,16,64,64,16,2,267668,5353.36,1696.7455205702586,Success,
142,1,32,32,16,16,64,16,4,262668,5253.36,1729.0438119603455,Success,
144,1,32,32,16,64,64,16,4,260928,5218.56,1740.5739514348786,Success,
146,1,32,8,32,16,32,16,1,395595,7911.9,1148.0541462859742,Success,
148,1,32,8,32,64,32,16,1,395595,7911.9,1148.0541462859742,Success,
150,1,32,8,32,16,32,16,2,362399,7247.98,1253.216703136598,Success,
152,1,32,8,32,64,32,16,2,362399,7247.98,1253.216703136598,Success,
154,1,32,8,32,16,32,16,4,362399,7247.98,1253.216703136598,Success,
156,1,32,8,32,64,32,16,4,362399,7247.98,1253.216703136598,Success,
158,1,32,8,32,16,64,16,1,395595,7911.9,1148.0541462859742,Success,
160,1,32,8,32,64,64,16,1,395595,7911.9,1148.0541462859742,Success,
162,1,32,8,32,16,64,16,2,362399,7247.98,1253.216703136598,Success,
164,1,32,8,32,64,64,16,2,362399,7247.98,1253.216703136598,Success,
166,1,32,8,32,16,64,16,4,362399,7247.98,1253.216703136598,Success,
168,1,32,8,32,64,64,16,4,362399,7247.98,1253.216703136598,Success,
170,1,32,16,32,16,32,16,1,385531,7710.62,1178.0232458609034,Success,
172,1,32,16,32,64,32,16,1,385531,7710.62,1178.0232458609034,Success,
174,1,32,16,32,16,32,16,2,314175,6283.5,1445.5780377178323,Success,
176,1,32,16,32,64,32,16,2,314175,6283.5,1445.5780377178323,Success,
178,1,32,16,32,16,32,16,4,314175,6283.5,1445.5780377178323,Success,
180,1,32,16,32,64,32,16,4,314175,6283.5,1445.5780377178323,Success,
182,1,32,16,32,16,64,16,1,385531,7710.62,1178.0232458609034,Success,
184,1,32,16,32,64,64,16,1,385531,7710.62,1178.0232458609034,Success,
186,1,32,16,32,16,64,16,2,314175,6283.5,1445.5780377178323,Success,
188,1,32,16,32,64,64,16,2,314175,6283.5,1445.5780377178323,Success,
190,1,32,16,32,16,64,16,4,314175,6283.5,1445.5780377178323,Success,
192,1,32,16,32,64,64,16,4,314175,6283.5,1445.5780377178323,Success,
194,1,32,32,32,16,32,16,1,376899,7537.98,1205.003144078387,Success,
196,1,32,32,32,64,32,16,1,376899,7537.98,1205.003144078387,Success,
198,1,32,32,32,16,32,16,2,268784,5375.68,1689.7005774153224,Success,
200,1,32,32,32,64,32,16,2,261556,5231.12,1736.3948064659194,Success,
202,1,32,32,32,16,32,16,4,262668,5253.36,1729.0438119603455,Success,
204,1,32,32,32,64,32,16,4,260928,5218.56,1740.5739514348786,Success,
206,1,32,32,32,16,64,16,1,376899,7537.98,1205.003144078387,Success,
208,1,32,32,32,64,64,16,1,376899,7537.98,1205.003144078387,Success,
210,1,32,32,32,16,64,16,2,268784,5375.68,1689.7005774153224,Success,
212,1,32,32,32,64,64,16,2,261556,5231.12,1736.3948064659194,Success,
214,1,32,32,32,16,64,16,4,262668,5253.36,1729.0438119603455,Success,
216,1,32,32,32,64,64,16,4,260928,5218.56,1740.5739514348786,Success,
218,1,32,8,8,16,32,64,1,395595,7911.9,1148.0541462859742,Success,
220,1,32,8,8,64,32,64,1,395595,7911.9,1148.0541462859742,Success,
222,1,32,8,8,16,32,64,2,362399,7247.98,1253.216703136598,Success,
224,1,32,8,8,64,32,64,2,362399,7247.98,1253.216703136598,Success,
226,1,32,8,8,16,32,64,4,362399,7247.98,1253.216703136598,Success,
228,1,32,8,8,64,32,64,4,362399,7247.98,1253.216703136598,Success,
230,1,32,8,8,16,64,64,1,395595,7911.9,1148.0541462859742,Success,
232,1,32,8,8,64,64,64,1,395595,7911.9,1148.0541462859742,Success,
234,1,32,8,8,16,64,64,2,362399,7247.98,1253.216703136598,Success,
236,1,32,8,8,64,64,64,2,362399,7247.98,1253.216703136598,Success,
238,1,32,8,8,16,64,64,4,362399,7247.98,1253.216703136598,Success,
240,1,32,8,8,64,64,64,4,362399,7247.98,1253.216703136598,Success,
242,1,32,16,8,16,32,64,1,385531,7710.62,1178.0232458609034,Success,
244,1,32,16,8,64,32,64,1,385531,7710.62,1178.0232458609034,Success,
246,1,32,16,8,16,32,64,2,314175,6283.5,1445.5780377178323,Success,
248,1,32,16,8,64,32,64,2,314175,6283.5,1445.5780377178323,Success,
250,1,32,16,8,16,32,64,4,314175,6283.5,1445.5780377178323,Success,
252,1,32,16,8,64,32,64,4,314175,6283.5,1445.5780377178323,Success,
254,1,32,16,8,16,64,64,1,385531,7710.62,1178.0232458609034,Success,
256,1,32,16,8,64,64,64,1,385531,7710.62,1178.0232458609034,Success,
258,1,32,16,8,16,64,64,2,314175,6283.5,1445.5780377178323,Success,
260,1,32,16,8,64,64,64,2,314175,6283.5,1445.5780377178323,Success,
262,1,32,16,8,16,64,64,4,314175,6283.5,1445.5780377178323,Success,
264,1,32,16,8,64,64,64,4,314175,6283.5,1445.5780377178323,Success,
266,1,32,32,8,16,32,64,1,376899,7537.98,1205.003144078387,Success,
268,1,32,32,8,64,32,64,1,376899,7537.98,1205.003144078387,Success,
270,1,32,32,8,16,32,64,2,271009,5420.18,1675.8280352313022,Success,
272,1,32,32,8,64,32,64,2,271009,5420.18,1675.8280352313022,Success,
274,1,32,32,8,16,32,64,4,266524,5330.48,1704.0284552235446,Success,
276,1,32,32,8,64,32,64,4,266524,5330.48,1704.0284552235446,Success,
278,1,32,32,8,16,64,64,1,376899,7537.98,1205.003144078387,Success,
280,1,32,32,8,64,64,64,1,376899,7537.98,1205.003144078387,Success,
282,1,32,32,8,16,64,64,2,271009,5420.18,1675.8280352313022,Success,
284,1,32,32,8,64,64,64,2,271009,5420.18,1675.8280352313022,Success,
286,1,32,32,8,16,64,64,4,266524,5330.48,1704.0284552235446,Success,
288,1,32,32,8,64,64,64,4,266524,5330.48,1704.0284552235446,Success,
290,1,32,8,16,16,32,64,1,395595,7911.9,1148.0541462859742,Success,
292,1,32,8,16,64,32,64,1,395595,7911.9,1148.0541462859742,Success,
294,1,32,8,16,16,32,64,2,362399,7247.98,1253.216703136598,Success,
296,1,32,8,16,64,32,64,2,362399,7247.98,1253.216703136598,Success,
298,1,32,8,16,16,32,64,4,362399,7247.98,1253.216703136598,Success,
300,1,32,8,16,64,32,64,4,362399,7247.98,1253.216703136598,Success,
302,1,32,8,16,16,64,64,1,395595,7911.9,1148.0541462859742,Success,
304,1,32,8,16,64,64,64,1,395595,7911.9,1148.0541462859742,Success,
306,1,32,8,16,16,64,64,2,362399,7247.98,1253.216703136598,Success,
308,1,32,8,16,64,64,64,2,362399,7247.98,1253.216703136598,Success,
310,1,32,8,16,16,64,64,4,362399,7247.98,1253.216703136598,Success,
312,1,32,8,16,64,64,64,4,362399,7247.98,1253.216703136598,Success,
314,1,32,16,16,16,32,64,1,385531,7710.62,1178.0232458609034,Success,
316,1,32,16,16,64,32,64,1,385531,7710.62,1178.0232458609034,Success,
318,1,32,16,16,16,32,64,2,314175,6283.5,1445.5780377178323,Success,
320,1,32,16,16,64,32,64,2,314175,6283.5,1445.5780377178323,Success,
322,1,32,16,16,16,32,64,4,314175,6283.5,1445.5780377178323,Success,
324,1,32,16,16,64,32,64,4,314175,6283.5,1445.5780377178323,Success,
326,1,32,16,16,16,64,64,1,385531,7710.62,1178.0232458609034,Success,
328,1,32,16,16,64,64,64,1,385531,7710.62,1178.0232458609034,Success,
330,1,32,16,16,16,64,64,2,314175,6283.5,1445.5780377178323,Success,
332,1,32,16,16,64,64,64,2,314175,6283.5,1445.5780377178323,Success,
334,1,32,16,16,16,64,64,4,314175,6283.5,1445.5780377178323,Success,
336,1,32,16,16,64,64,64,4,314175,6283.5,1445.5780377178323,Success,
338,1,32,32,16,16,32,64,1,376899,7537.98,1205.003144078387,Success,
340,1,32,32,16,64,32,64,1,376899,7537.98,1205.003144078387,Success,
342,1,32,32,16,16,32,64,2,268784,5375.68,1689.7005774153224,Success,
344,1,32,32,16,64,32,64,2,267668,5353.36,1696.7455205702586,Success,
346,1,32,32,16,16,32,64,4,262668,5253.36,1729.0438119603455,Success,
348,1,32,32,16,64,32,64,4,260928,5218.56,1740.5739514348786,Success,
350,1,32,32,16,16,64,64,1,376899,7537.98,1205.003144078387,Success,
352,1,32,32,16,64,64,64,1,376899,7537.98,1205.003144078387,Success,
354,1,32,32,16,16,64,64,2,268784,5375.68,1689.7005774153224,Success,
356,1,32,32,16,64,64,64,2,267668,5353.36,1696.7455205702586,Success,
358,1,32,32,16,16,64,64,4,262668,5253.36,1729.0438119603455,Success,
360,1,32,32,16,64,64,64,4,260928,5218.56,1740.5739514348786,Success,
362,1,32,8,32,16,32,64,1,395595,7911.9,1148.0541462859742,Success,
364,1,32,8,32,64,32,64,1,395595,7911.9,1148.0541462859742,Success,
366,1,32,8,32,16,32,64,2,362399,7247.98,1253.216703136598,Success,
368,1,32,8,32,64,32,64,2,362399,7247.98,1253.216703136598,Success,
370,1,32,8,32,16,32,64,4,362399,7247.98,1253.216703136598,Success,
372,1,32,8,32,64,32,64,4,362399,7247.98,1253.216703136598,Success,
374,1,32,8,32,16,64,64,1,395595,7911.9,1148.0541462859742,Success,
376,1,32,8,32,64,64,64,1,395595,7911.9,1148.0541462859742,Success,
378,1,32,8,32,16,64,64,2,362399,7247.98,1253.216703136598,Success,
380,1,32,8,32,64,64,64,2,362399,7247.98,1253.216703136598,Success,
382,1,32,8,32,16,64,64,4,362399,7247.98,1253.216703136598,Success,
384,1,32,8,32,64,64,64,4,362399,7247.98,1253.216703136598,Success,
386,1,32,16,32,16,32,64,1,385531,7710.62,1178.0232458609034,Success,
388,1,32,16,32,64,32,64,1,385531,7710.62,1178.0232458609034,Success,
390,1,32,16,32,16,32,64,2,314175,6283.5,1445.5780377178323,Success,
392,1,32,16,32,64,32,64,2,314175,6283.5,1445.5780377178323,Success,
394,1,32,16,32,16,32,64,4,314175,6283.5,1445.5780377178323,Success,
396,1,32,16,32,64,32,64,4,314175,6283.5,1445.5780377178323,Success,
398,1,32,16,32,16,64,64,1,385531,7710.62,1178.0232458609034,Success,
400,1,32,16,32,64,64,64,1,385531,7710.62,1178.0232458609034,Success,
402,1,32,16,32,16,64,64,2,314175,6283.5,1445.5780377178323,Success,
404,1,32,16,32,64,64,64,2,314175,6283.5,1445.5780377178323,Success,
406,1,32,16,32,16,64,64,4,314175,6283.5,1445.5780377178323,Success,
408,1,32,16,32,64,64,64,4,314175,6283.5,1445.5780377178323,Success,
410,1,32,32,32,16,32,64,1,376899,7537.98,1205.003144078387,Success,
412,1,32,32,32,64,32,64,1,376899,7537.98,1205.003144078387,Success,
414,1,32,32,32,16,32,64,2,268784,5375.68,1689.7005774153224,Success,
416,1,32,32,32,64,32,64,2,261556,5231.12,1736.3948064659194,Success,
418,1,32,32,32,16,32,64,4,262668,5253.36,1729.0438119603455,Success,
420,1,32,32,32,64,32,64,4,260928,5218.56,1740.5739514348786,Success,
422,1,32,32,32,16,64,64,1,376899,7537.98,1205.003144078387,Success,
424,1,32,32,32,64,64,64,1,376899,7537.98,1205.003144078387,Success,
426,1,32,32,32,16,64,64,2,268784,5375.68,1689.7005774153224,Success,
428,1,32,32,32,64,64,64,2,261556,5231.12,1736.3948064659194,Success,
430,1,32,32,32,16,64,64,4,262668,5253.36,1729.0438119603455,Success,
432,1,32,32,32,64,64,64,4,260928,5218.56,1740.5739514348786,Success,